id,frequency,monetary,recency,dt_customer
5524,32,1617,58,2012-09-04
2174,11,27,38,2014-03-08
4141,25,776,26,2013-08-21
6182,14,53,26,2014-02-10
5324,24,422,94,2014-01-19
7446,28,716,16,2013-09-09
965,27,590,34,2012-11-13
6177,18,169,32,2013-05-08
4855,15,46,19,2013-06-06
5899,22,49,68,2014-03-13
1994,11,19,11,2013-11-15
387,14,61,59,2012-11-13
2125,18,1102,82,2013-11-15
8180,21,310,53,2013-11-15
2569,13,46,38,2012-10-10
2114,29,1315,23,2012-11-24
9736,17,96,51,2012-12-24
4939,20,317,20,2012-08-31
6565,31,1782,91,2013-03-28
2278,14,133,86,2012-11-03
9360,20,316,41,2012-08-08
5376,44,1730,42,2013-01-06
1993,25,972,63,2012-12-23
4047,24,544,0,2014-01-11
1409,28,444,69,2013-03-18
7892,15,75,89,2013-01-02
2404,21,257,4,2013-05-27
5255,28,637,19,2013-02-20
9422,12,131,26,2013-05-31
1966,28,1672,96,2013-11-22
6864,13,30,34,2014-05-22
3033,14,318,56,2013-05-11
5710,14,120,31,2012-10-10
7373,23,302,8,2012-10-29
8755,25,1196,4,2013-02-20
10738,13,65,55,2013-08-29
4339,30,913,37,2013-12-31
10755,16,81,76,2013-09-02
8595,12,67,99,2014-02-11
2968,30,902,53,2013-02-01
8601,25,1395,3,2013-04-29
503,15,53,88,2013-03-12
8430,9,22,4,2012-12-24
7281,11,186,80,2013-11-05
2139,13,31,19,2013-10-02
1371,17,984,72,2014-06-28
9909,19,122,24,2012-11-09
7286,15,55,92,2013-05-24
7244,16,124,96,2014-01-01
6566,36,1319,39,2012-11-08
8614,19,507,29,2014-05-12
4114,32,1693,2,2012-08-11
1331,14,72,54,2013-01-02
2225,22,1617,54,2014-06-07
9381,26,606,57,2013-06-12
6260,28,1957,55,2012-11-19
10383,24,1093,30,2013-04-02
7437,9,29,31,2014-04-28
8557,13,46,57,2013-06-17
8375,26,518,63,2014-03-03
6853,22,1438,12,2013-07-04
3076,25,612,18,2012-09-07
1012,31,884,26,2013-02-18
6518,24,606,8,2013-06-11
4137,20,1076,29,2013-12-06
8082,12,34,75,2013-05-21
1386,11,11,0,2014-05-11
9369,37,1274,19,2014-03-19
4477,22,653,4,2013-09-27
1357,24,1562,90,2013-04-08
1402,24,1253,1,2012-09-11
10629,17,109,25,2012-09-14
6312,37,863,29,2013-03-17
8132,31,661,88,2013-04-05
1050,10,65,58,2014-04-30
5846,10,13,68,2012-12-19
1859,24,1890,34,2012-08-27
7503,26,2209,40,2012-10-12
10401,7,18,12,2013-09-04
1618,29,692,9,2013-01-02
3332,20,165,87,2012-08-29
2261,11,16,5,2013-06-23
5346,16,79,87,2013-07-03
4119,14,318,56,2013-05-11
535,28,778,18,2014-02-25
5268,14,56,95,2013-08-11
273,20,151,48,2013-07-16
4452,24,372,3,2014-05-28
8504,21,1366,70,2014-05-12
771,12,194,79,2014-01-21
8996,38,603,4,2012-11-19
9235,11,18,45,2014-05-27
5798,16,985,87,2013-11-23
11178,12,32,69,2014-03-23
2230,15,43,84,2014-05-24
7516,12,45,30,2014-05-22
7247,28,606,72,2012-11-22
11100,14,63,37,2013-04-11
4646,27,978,44,2013-12-01
3037,21,410,32,2013-06-20
1473,15,72,0,2013-07-23
1016,13,55,43,2014-03-30
4518,32,1169,59,2013-04-20
9370,20,1120,68,2013-05-17
8908,21,1097,35,2014-05-08
8373,10,29,94,2013-12-10
7533,20,187,15,2013-09-24
2683,32,910,56,2013-02-02
3629,16,145,17,2012-12-19
10991,16,850,18,2012-12-07
5077,27,969,46,2013-11-02
7431,26,1820,40,2012-11-10
3267,26,608,27,2014-06-25
999,28,730,95,2013-01-02
9215,28,551,19,2012-12-12
2286,14,114,27,2013-09-10
1592,16,1724,25,2014-01-24
367,29,577,74,2013-02-19
5234,12,81,85,2013-07-11
9862,13,33,37,2013-11-14
9805,26,660,65,2013-06-20
6205,14,80,13,2014-02-24
8442,13,30,63,2013-09-04
7386,12,43,83,2013-04-22
7215,29,1135,69,2013-03-12
1491,17,559,87,2013-02-18
11071,17,1923,37,2013-04-21
3381,14,90,51,2014-06-08
8268,23,404,23,2013-07-11
11051,27,661,72,2014-05-10
8026,24,463,10,2013-09-30
433,31,632,42,2013-03-10
9597,23,725,10,2014-02-10
1295,23,725,96,2013-08-11
5290,24,279,51,2013-08-14
1685,26,1482,21,2013-03-17
5342,14,29,31,2012-08-08
9579,17,106,61,2013-07-07
7660,11,49,37,2014-05-19
1461,14,38,74,2013-07-28
821,24,2077,46,2012-10-19
11084,24,1053,4,2013-11-14
8690,25,1385,73,2013-04-19
2937,31,871,47,2013-08-28
9701,19,312,13,2013-03-19
9949,23,877,36,2012-10-18
10837,12,68,47,2012-10-28
3120,12,22,49,2013-08-28
5885,24,211,94,2012-08-22
4050,11,127,65,2014-06-21
3830,19,459,59,2014-04-24
7987,25,460,96,2014-03-07
7798,24,429,28,2012-12-14
92,17,89,12,2014-05-12
7055,31,1021,57,2012-10-09
10240,25,1381,10,2013-02-19
3025,22,306,4,2013-07-08
9283,8,18,49,2013-09-12
9970,11,162,3,2013-10-17
2730,19,1231,64,2013-08-20
2795,11,13,0,2013-07-01
9260,33,1706,20,2012-11-05
8182,19,121,91,2014-01-05
10095,22,1293,9,2013-05-01
8475,37,1608,98,2014-03-01
4370,15,88,83,2013-11-13
10573,21,421,27,2013-11-18
3712,16,259,63,2013-08-28
6637,16,1117,46,2013-11-02
3152,14,89,84,2014-02-25
5610,13,36,58,2014-04-21
6460,15,57,78,2013-07-13
1349,14,148,4,2014-04-21
1880,13,93,17,2014-01-30
641,11,119,77,2014-04-04
8717,33,1835,56,2012-09-12
10314,29,1318,79,2012-12-16
10854,14,45,90,2014-05-23
10492,6,10,96,2014-06-24
6935,27,978,44,2013-12-01
7698,15,191,81,2014-05-11
3559,15,57,77,2014-05-10
10562,26,1033,21,2013-09-28
10796,12,66,16,2014-01-22
2563,12,43,80,2014-06-15
3518,14,50,45,2012-12-05
5823,12,39,63,2014-03-08
3934,23,608,34,2013-08-02
6982,26,1581,14,2013-03-19
6431,14,68,13,2013-02-23
9733,11,80,52,2012-09-09
5602,31,1282,98,2013-05-17
7829,11,65,99,2013-09-26
1324,16,91,93,2013-05-30
326,22,315,38,2013-02-18
7224,14,31,24,2013-12-29
6999,26,834,80,2014-05-13
9938,19,1600,82,2013-09-19
6422,19,1270,20,2013-01-17
3182,23,263,81,2014-03-31
7300,24,535,50,2014-06-29
10424,19,1295,60,2013-12-09
8727,35,1150,63,2013-10-14
2798,30,1240,54,2012-11-02
1030,13,38,72,2013-07-17
624,10,35,5,2012-11-10
5176,14,53,88,2013-12-08
5552,23,293,50,2013-05-13
868,12,65,99,2014-06-08
380,37,1804,17,2012-09-10
2677,19,241,11,2013-03-31
6521,21,1101,18,2014-03-18
6927,27,264,70,2012-10-05
2877,33,541,21,2013-01-21
0,18,1198,66,2013-05-04
1584,28,482,79,2014-04-01
7264,12,17,2,2014-05-12
6274,28,1615,81,2013-11-15
1377,19,285,24,2013-08-31
454,34,1135,48,2012-11-14
1755,10,114,93,2014-04-11
2075,17,1047,56,2013-11-14
4785,25,714,3,2014-04-14
9076,21,185,44,2013-01-05
7079,38,1245,38,2012-09-08
4653,20,189,46,2013-03-26
7375,24,576,84,2012-10-25
709,26,1103,27,2012-12-09
460,19,1753,72,2012-08-08
3726,12,17,66,2014-02-16
6798,30,433,30,2013-03-20
5341,21,1588,2,2013-01-05
1606,12,22,65,2013-05-15
9617,8,19,37,2014-04-16
3233,34,1117,89,2013-03-23
89,14,69,49,2013-12-09
2936,12,23,46,2013-12-04
9449,22,605,32,2013-10-04
7297,18,57,54,2013-12-26
11004,8,22,23,2014-05-17
313,25,2088,98,2013-10-28
9940,19,1009,97,2012-12-23
10735,14,26,75,2013-07-31
9529,24,1627,8,2013-11-28
6439,38,1102,37,2012-08-17
7411,12,17,31,2014-06-05
2176,22,1690,40,2013-05-20
9265,26,1390,74,2013-01-09
8867,23,2126,90,2012-08-31
8932,31,1531,57,2012-10-29
10236,15,64,59,2013-09-16
6340,12,26,52,2013-10-27
10089,31,1112,5,2013-04-05
2227,17,210,92,2012-09-22
10992,34,1148,77,2012-08-29
5304,12,33,35,2012-10-13
309,25,1101,48,2012-10-16
3406,19,322,97,2012-10-22
2661,15,44,95,2013-06-04
3153,12,17,24,2013-12-08
10264,13,31,60,2012-10-10
1184,30,845,46,2013-05-22
4200,20,275,85,2014-06-17
9396,13,25,31,2012-11-23
2387,25,275,9,2013-02-03
6690,18,90,30,2013-03-14
1225,20,1495,47,2014-06-26
9703,18,184,70,2012-10-15
291,14,981,13,2013-06-19
4557,14,67,11,2013-10-04
2379,21,1635,31,2012-09-22
5726,15,60,15,2014-03-20
3066,17,231,2,2014-02-04
6336,16,48,55,2014-04-06
10967,16,99,38,2013-02-06
2304,27,770,86,2013-09-16
3445,28,957,56,2013-01-17
7828,13,818,29,2014-04-30
3762,18,925,30,2013-04-02
4391,28,908,64,2013-04-21
4669,17,102,46,2013-02-11
10144,24,576,84,2012-10-25
8652,20,317,20,2012-08-31
1672,17,461,74,2014-03-01
8962,12,37,18,2014-04-17
9974,14,70,75,2013-07-12
10983,26,930,17,2013-01-29
8148,38,859,88,2013-01-08
10102,25,1478,19,2014-05-12
4697,24,390,62,2013-06-13
9262,12,52,11,2013-07-04
7254,17,137,74,2013-12-27
4543,23,1919,32,2012-10-31
4927,18,68,76,2014-01-15
10451,10,25,6,2013-03-12
2926,31,1374,62,2012-08-23
2874,12,32,20,2013-03-07
9738,15,100,43,2013-01-13
7119,13,825,45,2013-01-12
3924,33,916,34,2014-03-17
5827,16,62,53,2014-04-16
5596,27,728,44,2013-10-12
10812,11,90,89,2014-03-01
1717,21,273,43,2014-04-13
9491,17,66,68,2013-12-27
9274,25,1213,44,2013-03-28
6609,16,107,64,2012-09-18
6963,19,1157,85,2014-03-05
4440,25,546,93,2013-09-10
1379,15,241,12,2013-04-27
10032,17,53,86,2014-01-18
2826,14,37,28,2013-10-28
2437,27,1611,69,2013-06-03
6320,26,1508,42,2013-02-06
3050,20,235,13,2013-12-17
231,12,32,86,2014-03-11
2392,15,102,59,2013-07-29
9478,18,401,30,2012-08-14
113,11,28,33,2013-07-16
2863,28,1052,67,2013-08-23
1802,23,680,23,2013-01-17
520,11,30,81,2013-07-01
8275,11,20,6,2014-02-09
9750,30,1307,41,2013-02-07
2607,32,630,78,2013-01-11
7214,21,1283,49,2013-07-05
5835,17,65,39,2013-07-02
3896,12,37,3,2013-11-07
10350,9,38,37,2013-05-09
7786,20,160,22,2013-02-13
2861,12,23,79,2013-04-16
663,10,71,46,2013-09-11
10675,24,1161,82,2013-04-03
2521,12,59,10,2013-01-10
9592,15,33,51,2013-06-30
10151,25,946,38,2012-09-12
7381,26,1442,10,2012-12-06
4099,13,62,14,2012-11-12
9560,25,1674,18,2013-03-03
1150,16,1853,36,2013-09-26
10172,24,1538,95,2012-08-10
11191,14,139,11,2013-12-07
9707,28,1182,65,2012-11-23
6245,21,507,71,2013-06-13
8234,12,18,13,2013-08-15
1411,17,940,58,2013-11-10
8553,12,42,65,2013-06-23
1826,16,1190,0,2014-06-16
8842,15,44,33,2012-12-25
11030,10,16,90,2014-01-03
2579,30,835,95,2013-12-17
175,26,1443,93,2013-01-10
9185,21,1029,38,2013-10-28
11056,19,1188,18,2012-10-27
9365,30,1277,57,2012-12-22
6201,14,49,45,2013-11-29
2061,13,99,61,2013-05-11
6184,16,1670,6,2012-12-12
6142,16,900,65,2013-08-20
4107,21,425,52,2013-10-08
7274,24,2153,87,2012-09-28
9336,25,636,38,2014-03-22
2958,14,57,53,2014-02-24
933,13,25,31,2012-11-23
5837,29,494,67,2012-12-28
10704,23,693,65,2012-08-21
5125,28,1348,64,2013-05-17
4432,14,51,82,2013-03-16
5955,19,1932,27,2012-11-17
2928,24,990,63,2012-12-01
5680,11,30,66,2014-04-22
10313,24,254,69,2012-10-28
2557,9,29,52,2013-08-29
1245,31,1371,45,2012-11-11
1519,17,73,2,2013-06-22
10703,19,120,86,2012-08-18
1726,14,81,23,2013-03-18
4459,13,37,13,2012-12-30
1729,26,1377,14,2013-10-02
1517,12,51,92,2013-06-14
2098,12,17,38,2013-01-08
9543,11,22,74,2013-11-14
6878,21,324,14,2012-12-12
3310,24,211,94,2012-08-22
2724,7,19,33,2014-03-30
948,13,41,32,2013-05-15
6720,24,492,11,2013-10-16
6202,28,1005,78,2012-10-05
2066,13,114,56,2012-08-30
9799,24,1173,57,2013-05-08
8318,20,1738,7,2014-01-03
5642,16,222,0,2013-12-09
2669,18,1127,66,2014-05-04
455,16,209,86,2013-04-18
7683,26,787,80,2014-02-25
3428,26,1598,56,2013-10-06
7414,20,186,18,2012-09-15
6354,14,47,51,2012-08-31
798,12,27,71,2012-12-24
8213,18,96,71,2012-11-09
2488,16,64,80,2013-03-23
9999,28,1040,2,2012-09-27
7617,18,163,83,2013-08-15
615,18,343,29,2013-03-11
2552,31,446,11,2013-10-22
194,11,41,55,2014-06-09
3645,17,70,19,2012-08-30
8890,20,272,1,2014-05-30
5049,15,46,19,2013-06-06
9973,26,490,28,2012-10-17
7301,16,79,76,2012-11-17
10882,21,915,50,2012-11-09
7030,41,1485,1,2013-03-30
7422,23,369,90,2012-08-22
3523,22,1073,83,2013-01-23
7106,20,1242,73,2014-03-31
6504,14,78,24,2013-11-20
5067,26,1378,11,2014-02-14
4216,29,1474,33,2013-02-22
8581,37,751,4,2013-03-05
5929,14,48,14,2014-05-06
3129,12,45,30,2014-05-22
6528,12,10,75,2014-06-05
1361,17,1435,26,2013-06-04
6932,24,2119,77,2013-04-13
7284,12,20,8,2013-12-04
1340,28,1795,42,2014-04-24
8746,25,1188,28,2014-04-05
5987,12,43,52,2014-05-04
3767,27,1008,1,2013-04-25
3725,20,1688,1,2013-05-09
4324,29,684,42,2012-10-29
238,46,1082,76,2013-01-23
6694,29,1068,27,2013-11-25
498,12,57,28,2014-02-02
9347,10,46,49,2013-06-21
9699,28,733,12,2013-12-21
10664,25,467,14,2013-09-07
5455,17,122,89,2013-08-22
456,15,36,96,2013-02-07
5012,13,34,56,2013-07-04
7495,14,156,72,2013-12-20
5029,9,14,14,2013-08-06
10642,13,37,13,2012-12-30
2106,13,34,99,2014-03-17
10364,12,20,72,2013-07-13
5954,19,192,92,2013-10-09
1137,18,1379,87,2013-12-29
2541,15,48,7,2013-06-09
1142,19,428,91,2013-12-22
2276,30,868,71,2013-05-02
2807,34,1001,24,2013-02-16
6471,12,59,17,2013-10-17
6131,19,431,87,2013-12-01
6233,34,971,21,2012-09-07
4148,27,348,90,2012-08-20
4947,28,2059,44,2012-09-15
3225,20,265,71,2013-04-01
7540,15,270,52,2014-05-25
10648,22,1289,78,2012-09-25
1992,23,893,2,2014-01-01
7851,23,926,60,2013-09-22
8594,15,135,25,2014-01-28
7059,20,1495,47,2014-06-26
2815,16,120,46,2014-02-24
2416,21,1288,83,2014-03-03
7999,19,1743,17,2013-04-23
9213,12,15,13,2012-10-31
9697,26,542,86,2014-03-06
3916,32,890,92,2012-08-15
2021,37,1388,47,2013-03-27
1581,12,17,18,2013-10-10
564,36,906,81,2012-08-04
6619,13,44,91,2013-01-02
9081,10,25,58,2014-05-18
178,31,973,40,2013-02-18
916,9,31,67,2014-05-09
5512,22,518,19,2014-05-23
8970,24,530,93,2012-10-23
10581,29,506,41,2012-10-31
5300,13,70,60,2013-12-30
5154,12,54,54,2013-08-11
8346,21,296,26,2012-08-19
1676,20,266,30,2013-10-30
9286,22,747,93,2012-10-10
2426,32,895,35,2012-09-14
5172,24,1053,4,2013-11-14
5562,27,735,92,2013-06-26
3436,12,20,24,2014-01-26
3921,18,205,96,2012-10-28
3403,27,2092,11,2012-09-24
22,22,309,99,2012-12-03
10965,28,1722,72,2013-02-22
9426,23,900,77,2013-01-12
6605,27,682,85,2013-11-27
3136,27,663,88,2013-04-13
8737,9,43,22,2014-04-05
11088,24,1816,83,2013-04-21
716,30,976,63,2014-05-22
466,23,746,9,2013-04-03
9135,14,64,92,2012-08-06
10623,10,32,2,2013-11-15
8151,17,263,6,2012-12-29
5140,29,1445,66,2012-08-24
10160,10,46,49,2013-06-21
4945,34,1210,29,2012-11-07
10584,27,945,77,2013-12-02
6071,23,1157,77,2013-07-19
3386,15,137,71,2013-06-21
8939,30,730,49,2012-12-16
9925,19,216,97,2013-05-25
4320,26,943,6,2013-03-28
5389,23,347,93,2013-10-20
6036,20,1924,78,2014-03-17
182,25,397,62,2013-05-11
203,24,2089,47,2013-04-14
11025,19,138,9,2013-02-03
10203,12,42,77,2013-06-30
4607,19,777,24,2013-08-23
3711,23,1902,19,2014-03-01
3696,14,52,67,2014-01-27
2532,18,1651,95,2014-03-01
9214,18,358,48,2013-08-16
4943,22,1727,73,2012-09-30
35,16,210,35,2012-09-08
2258,13,42,76,2012-12-04
4322,22,1291,20,2013-11-27
713,18,442,72,2014-06-08
4702,25,1895,20,2012-08-12
3281,25,411,69,2013-11-03
702,24,521,80,2013-02-15
2004,18,1168,65,2013-09-18
4769,30,493,52,2014-06-18
4437,16,260,65,2013-04-24
8724,13,46,57,2013-06-17
10741,23,319,70,2013-04-11
1991,12,96,0,2014-01-18
6931,20,1062,19,2014-02-15
11096,14,232,50,2013-08-08
304,16,76,67,2013-12-23
3665,17,54,46,2013-11-07
10591,18,201,37,2012-08-06
5036,20,406,38,2012-11-28
5547,23,1919,9,2013-08-07
7822,23,662,56,2013-06-04
8541,13,41,98,2014-03-08
10955,15,1600,68,2014-01-07
4368,14,134,72,2013-12-03
9671,18,69,47,2014-01-26
2256,12,21,33,2014-03-29
4279,10,54,87,2014-03-31
5371,15,91,0,2014-04-08
9240,24,526,73,2014-02-07
9460,16,162,74,2013-04-18
9504,26,1008,4,2013-11-06
8692,24,240,50,2012-09-12
448,26,795,57,2013-03-01
8314,21,1772,30,2013-04-05
8420,13,64,27,2013-08-03
3174,26,1957,61,2013-05-22
7685,12,78,4,2013-09-09
3179,21,1572,75,2013-06-16
9780,30,795,12,2013-06-25
10681,30,889,13,2014-01-15
10232,18,331,9,2013-11-05
4184,16,265,48,2014-06-07
9120,27,1065,80,2012-12-05
891,9,11,60,2013-09-07
10381,10,21,43,2013-07-05
3525,11,17,19,2012-12-07
6818,22,369,26,2012-09-12
3526,13,38,58,2014-01-27
8181,19,177,42,2013-09-13
1029,17,279,27,2013-08-01
7369,15,62,56,2013-10-02
2574,26,1230,27,2013-01-31
8159,18,182,10,2014-04-01
1160,18,49,48,2013-08-23
10242,13,75,39,2013-09-16
5253,23,227,85,2013-07-09
5966,21,215,64,2012-11-10
5314,28,444,69,2013-03-18
5081,13,47,54,2013-10-20
5123,14,143,57,2013-04-15
5756,13,55,64,2014-04-03
8036,15,63,10,2014-04-18
9058,25,1867,65,2012-09-23
5057,22,611,74,2013-09-14
254,25,473,4,2014-05-17
4179,10,55,94,2013-08-20
3710,14,81,41,2012-10-12
7627,23,2086,25,2012-12-12
4501,21,1478,94,2013-11-10
6424,9,49,9,2014-01-30
3075,16,382,47,2013-09-11
4992,16,69,12,2013-09-19
5252,13,67,80,2012-10-26
7444,14,30,20,2013-10-19
6919,15,63,39,2013-06-04
3537,18,79,57,2012-08-17
10277,12,42,27,2013-02-21
2453,28,819,83,2012-08-31
7972,18,1151,79,2013-09-17
895,25,594,69,2012-12-09
1177,18,129,77,2013-01-26
7141,22,213,15,2012-12-29
7232,12,67,99,2014-02-11
8477,12,28,61,2013-03-11
2457,13,45,23,2012-10-26
988,21,1193,84,2014-05-07
7930,18,268,74,2013-08-19
4587,15,266,90,2013-07-18
6682,13,37,41,2012-12-11
6222,14,37,28,2013-10-28
10299,30,882,73,2012-11-09
3083,25,373,88,2013-07-26
8953,14,35,94,2013-05-06
1503,2,107,31,2013-06-03
8650,9,42,31,2013-03-18
10862,19,326,6,2012-08-17
2782,23,404,23,2013-07-11
6941,13,95,92,2013-07-14
10972,15,939,52,2014-03-10
10708,12,33,50,2013-12-28
6583,24,981,54,2013-06-03
3641,13,36,93,2013-01-20
10156,23,1237,56,2013-06-03
4299,41,1825,28,2012-09-21
3469,18,103,94,2012-09-06
5063,21,191,76,2012-12-18
10727,33,1586,43,2013-11-19
9624,15,963,46,2014-06-13
5156,30,889,13,2014-01-15
4376,14,93,27,2014-02-15
8923,24,1587,12,2013-04-18
8461,11,16,3,2014-03-10
6945,37,1375,72,2013-06-04
944,18,393,6,2013-01-08
1907,33,1477,53,2012-09-28
701,20,1179,58,2013-11-06
3856,28,1005,78,2012-10-05
4149,23,1348,57,2014-05-13
2131,29,1307,37,2012-12-30
2942,20,486,20,2013-05-07
1173,15,2252,73,2013-03-10
4381,23,235,56,2013-08-18
4611,33,1724,36,2013-01-21
3376,15,235,9,2013-12-13
4679,32,1092,42,2014-05-23
10928,22,599,28,2013-09-16
4248,20,2008,23,2014-02-17
6728,15,48,38,2012-08-27
6661,38,1174,63,2012-08-12
4725,9,67,71,2014-04-13
3277,23,365,9,2012-08-03
5555,0,6,81,2014-02-07
2564,16,165,87,2014-01-04
946,17,210,92,2012-09-22
3867,30,1095,36,2013-08-31
6940,18,223,86,2013-10-21
55,28,597,83,2012-12-07
7093,11,22,74,2013-11-14
5084,28,1064,87,2013-12-25
1777,14,74,29,2012-09-07
8162,11,26,88,2013-01-01
10826,13,60,77,2012-12-28
8754,11,20,25,2013-05-16
1987,13,59,34,2013-09-25
11007,13,34,43,2013-05-09
7426,15,198,76,2013-11-07
9153,33,1048,81,2013-07-29
10379,27,574,87,2013-11-08
9204,20,1029,33,2012-09-12
3197,24,670,38,2013-12-16
2920,24,990,63,2012-12-01
6961,12,11,26,2014-05-22
4673,26,1241,17,2012-10-30
9937,18,576,75,2014-01-02
8779,21,172,13,2013-06-16
9596,22,664,19,2013-12-23
2891,29,928,51,2013-10-18
4910,37,2074,81,2012-08-30
75,23,467,32,2013-07-25
10120,17,257,84,2013-10-24
6327,18,1146,87,2013-12-19
10142,24,689,99,2013-03-07
9826,24,2114,96,2012-09-12
1501,44,1717,21,2012-08-04
10767,22,1346,40,2014-05-16
7279,17,1044,3,2013-09-30
7230,28,493,98,2012-10-04
143,15,957,73,2013-08-25
450,15,270,90,2013-07-12
9316,11,29,29,2013-11-02
6379,16,121,3,2013-05-29
9239,11,126,94,2013-07-26
8315,10,23,65,2014-03-26
2868,16,57,33,2013-04-08
10888,26,636,46,2013-11-03
1277,32,1004,29,2014-04-09
9977,24,734,99,2013-09-17
10196,24,614,26,2014-03-12
6384,29,1453,30,2014-02-11
8029,16,1621,27,2014-04-29
968,19,187,24,2013-12-26
6988,26,1443,93,2013-01-10
4472,8,57,34,2014-06-27
6991,28,637,88,2013-04-10
3336,21,948,96,2013-11-21
4301,12,59,10,2013-01-10
1940,12,18,26,2013-07-12
1272,31,903,49,2012-10-21
1388,14,112,11,2013-02-20
1044,24,596,44,2013-05-14
6969,20,233,75,2013-08-07
10479,12,1511,64,2012-12-07
3619,19,1152,19,2012-09-23
1715,14,48,45,2013-02-11
10159,37,1185,77,2013-03-31
1463,11,21,9,2014-03-29
5114,20,965,1,2012-12-19
4990,28,869,90,2013-05-02
4329,13,16,43,2014-05-23
10936,19,1947,79,2013-02-13
4692,21,71,19,2012-08-01
7212,12,65,99,2014-06-08
6086,26,1380,62,2013-11-23
437,24,1027,41,2014-01-25
11171,28,411,60,2013-10-11
11101,30,836,17,2013-04-15
5329,9,11,24,2013-09-27
610,31,480,60,2012-08-07
9384,26,606,57,2013-06-12
5956,24,284,74,2013-10-16
10430,19,1472,22,2013-10-09
7875,28,1677,46,2014-04-29
7072,23,1335,69,2013-03-29
6255,15,334,29,2014-06-03
6516,11,18,37,2013-03-18
5564,24,1338,26,2012-08-09
5682,35,1099,8,2013-03-23
7458,16,97,26,2013-03-06
5237,14,63,79,2014-01-01
7761,15,109,71,2013-08-01
5278,24,902,83,2014-01-25
3560,21,1574,57,2013-05-12
7235,14,38,37,2013-12-09
10548,25,960,30,2014-03-09
2281,11,28,34,2013-09-15
4073,34,1215,0,2014-01-29
6974,24,1497,89,2013-12-31
7938,20,449,92,2013-10-03
7094,28,1064,87,2013-12-25
3667,33,1757,20,2013-02-28
7723,24,1440,56,2014-05-02
3870,28,1006,28,2013-02-09
4012,29,1226,55,2012-08-11
5909,28,1171,25,2013-09-19
10470,12,92,0,2013-03-15
6488,13,99,86,2014-04-06
10270,15,66,8,2013-10-03
6887,25,564,33,2014-04-24
6406,24,1427,13,2013-10-28
7573,13,86,12,2013-05-10
4508,20,833,92,2014-05-22
221,18,242,90,2013-04-27
5331,19,1869,8,2012-09-11
1911,35,1364,6,2012-09-05
20,12,183,91,2013-09-01
8786,24,450,52,2013-05-26
10582,23,758,3,2013-07-03
1915,23,1507,57,2013-12-12
8897,33,654,9,2013-04-24
2371,16,81,22,2013-04-13
4303,21,137,76,2012-12-08
6825,11,16,86,2013-03-06
1072,14,93,64,2013-08-30
4964,19,1158,90,2014-01-26
2461,9,43,79,2013-12-18
10736,24,1525,28,2013-09-12
3194,20,1230,86,2014-04-05
10839,10,29,42,2014-04-14
49,12,25,39,2014-05-11
4290,11,24,8,2014-03-19
10219,13,38,40,2013-06-18
4211,14,57,5,2012-10-29
1135,19,47,96,2014-02-15
6299,31,813,28,2013-01-02
10846,29,629,22,2014-05-29
347,26,377,30,2012-09-08
6543,16,1612,45,2013-01-15
10446,19,729,58,2012-11-07
3479,13,50,49,2013-07-19
11075,19,270,37,2013-10-29
4442,12,177,70,2013-04-05
199,20,315,33,2013-01-20
6722,29,767,98,2014-06-28
796,34,1071,17,2012-10-23
3749,27,1580,54,2013-03-02
8523,18,60,39,2013-12-14
310,25,573,81,2013-12-13
8629,10,41,71,2013-03-26
236,16,170,62,2013-01-19
9930,30,1167,8,2013-11-05
3483,33,1526,76,2013-04-06
4599,28,458,66,2013-11-04
7326,8,63,83,2014-03-23
7352,20,405,28,2013-10-21
2350,28,1027,87,2013-03-22
9145,24,1478,43,2013-04-06
2964,11,72,0,2013-10-16
5585,15,48,1,2013-04-20
9687,18,726,1,2014-05-31
3732,31,860,72,2013-02-04
6303,23,1497,72,2013-11-23
11176,21,495,12,2014-05-12
2986,10,20,89,2014-03-12
7462,28,570,67,2012-11-24
3900,26,769,54,2014-03-29
7034,15,55,34,2013-09-01
9493,21,1808,15,2013-05-05
1143,14,55,43,2013-08-08
1,23,577,0,2014-06-15
3855,16,162,74,2013-04-18
5536,26,1957,61,2013-05-22
5989,32,1576,51,2013-04-16
9499,22,1616,97,2013-05-07
6768,14,36,75,2013-01-12
2150,26,1482,83,2013-05-11
6646,11,22,23,2014-03-01
4887,11,63,65,2013-11-22
8560,24,680,94,2012-09-10
3321,25,542,42,2013-05-05
11003,14,50,10,2013-10-02
10402,14,39,94,2013-02-14
9904,31,1043,50,2013-03-29
6141,21,385,46,2013-04-25
5687,30,1633,98,2012-09-23
10856,11,46,42,2013-07-02
5121,25,761,30,2014-03-21
4186,14,76,11,2013-08-05
368,19,290,61,2012-11-29
3312,17,89,12,2014-05-12
11121,20,70,76,2012-11-10
5332,18,1066,2,2013-07-27
5848,21,2009,43,2014-01-13
10343,22,1345,27,2012-09-29
5935,28,764,60,2012-12-24
2895,16,195,79,2013-10-23
10262,16,53,96,2013-05-10
7848,19,368,17,2013-06-13
9477,24,544,0,2014-01-11
4856,28,1853,38,2012-11-06
7186,11,35,43,2014-05-26
5794,26,446,1,2014-03-17
1456,38,1180,25,2013-04-01
4877,12,41,2,2014-03-04
425,27,727,66,2013-02-19
3007,14,40,49,2012-10-04
1031,28,1062,5,2013-05-05
4297,15,40,71,2014-01-26
807,25,292,35,2014-02-15
9553,10,15,94,2013-01-09
4271,24,341,80,2012-10-04
4120,20,369,61,2013-12-17
2036,21,401,29,2013-06-11
115,22,393,0,2013-03-26
4259,11,10,80,2013-09-24
8687,19,486,54,2013-05-06
2447,14,69,71,2012-10-17
10140,20,1727,27,2013-09-28
9353,19,995,61,2014-01-06
3623,17,45,55,2014-06-11
738,19,182,35,2014-04-04
7631,26,989,34,2013-10-06
4789,20,1677,95,2013-09-17
773,29,595,64,2013-06-30
10602,17,156,30,2013-02-14
1446,29,1226,12,2014-04-05
3270,20,128,96,2013-01-17
8443,17,86,16,2014-02-10
9653,15,68,16,2012-10-16
8916,9,16,78,2013-07-23
8017,13,55,83,2014-06-19
5830,24,2114,96,2012-09-12
4597,20,2018,67,2013-07-02
7023,24,263,87,2012-11-26
8086,14,55,34,2013-12-11
8825,32,564,46,2013-04-01
2930,25,1281,7,2013-12-16
1928,16,83,73,2013-02-09
7108,23,353,54,2012-09-08
10925,26,1003,93,2014-01-14
9960,11,14,52,2014-04-30
8800,30,902,53,2013-02-01
9224,31,1139,81,2012-12-12
5519,25,797,8,2013-08-07
5046,29,1638,97,2014-01-23
7037,23,401,50,2013-08-11
905,19,84,38,2013-10-22
8624,20,928,61,2013-02-06
8945,17,203,46,2013-08-16
6445,18,858,73,2013-07-14
2727,16,409,19,2013-12-04
6404,21,282,10,2013-03-24
11074,18,1423,94,2014-04-09
10150,20,1449,10,2013-11-21
1968,11,28,37,2013-12-02
6534,11,67,94,2014-01-04
9485,14,199,23,2014-03-10
7053,23,1453,75,2013-06-29
4654,21,1253,40,2013-11-07
9760,39,1198,24,2013-01-25
1048,17,178,11,2013-07-14
10619,21,1990,29,2012-12-03
9308,15,976,51,2013-05-11
10505,17,1001,86,2013-12-26
8362,23,1919,9,2013-08-07
2625,17,350,30,2013-11-17
4637,28,1650,73,2013-05-18
9972,12,46,25,2014-04-13
4483,20,1228,67,2013-04-17
4487,13,95,67,2013-01-24
4988,13,62,58,2014-05-04
8931,31,1761,82,2014-05-18
5871,24,467,98,2012-08-31
2008,21,1149,93,2014-02-10
3139,21,2052,53,2013-12-30
10037,18,1127,66,2014-05-04
10673,24,1416,6,2013-11-17
5303,22,1113,42,2014-04-08
538,10,125,78,2014-02-10
7922,32,966,29,2012-08-12
5692,13,32,82,2012-12-22
4843,20,833,92,2014-05-22
6383,16,46,78,2014-05-25
1628,21,960,54,2013-10-24
1204,38,1829,45,2013-05-22
3673,31,779,59,2013-07-14
760,29,811,8,2013-08-09
8957,28,1120,51,2013-06-10
4128,25,725,51,2013-07-20
6810,13,1187,76,2013-05-28
5386,20,2302,62,2013-03-04
8700,16,66,86,2012-12-22
3202,27,1250,60,2012-10-01
1328,23,683,56,2014-02-16
8405,16,305,83,2013-09-30
6515,10,50,92,2013-12-06
2882,24,995,31,2012-10-01
7574,10,41,80,2014-05-10
6387,14,77,39,2014-05-08
5320,18,171,20,2013-01-29
5048,15,131,53,2013-05-11
8146,11,54,84,2014-05-11
10031,20,53,50,2013-02-10
5748,21,475,96,2012-12-01
2134,27,694,94,2012-08-17
1523,13,96,25,2014-05-07
9665,22,361,48,2013-04-27
4640,28,1079,65,2012-09-21
3635,25,578,69,2014-05-07
3547,13,64,12,2012-12-30
2456,19,149,84,2013-10-14
5633,22,231,47,2014-06-25
7801,25,728,87,2013-09-12
10489,25,1778,35,2013-08-19
7011,17,93,47,2012-10-12
2620,12,23,48,2013-04-13
3933,33,662,46,2012-10-13
10981,19,1198,27,2014-02-02
1734,18,81,37,2013-01-17
10995,18,92,8,2012-11-12
6357,23,491,29,2013-11-17
9209,26,1564,85,2012-10-14
10286,24,926,2,2014-02-03
2611,20,1910,66,2012-08-01
1600,28,411,60,2013-10-11
3308,13,94,54,2014-01-03
5407,35,1085,70,2013-09-12
2166,8,23,55,2013-07-12
3955,14,6,20,2014-06-22
6634,13,54,78,2013-08-07
3056,35,1150,63,2013-10-14
5718,26,1415,17,2013-08-15
6872,20,405,43,2013-08-21
8164,21,1908,13,2013-11-25
4580,31,2486,46,2013-10-25
9305,29,1315,65,2013-05-12
453,12,45,1,2014-06-29
8545,18,1789,6,2014-03-21
9850,11,19,32,2012-11-29
7378,31,573,34,2012-08-31
7646,28,805,70,2014-02-18
1640,11,108,49,2014-06-22
5184,10,23,65,2014-03-26
8492,29,1493,25,2013-11-09
11188,14,89,84,2014-02-25
1212,31,936,7,2013-08-13
9097,20,343,34,2013-11-03
10473,27,528,38,2012-09-10
7962,13,1901,1,2013-10-09
9984,30,724,25,2013-03-27
5527,15,58,25,2013-02-13
6374,24,297,50,2013-05-17
7453,25,488,46,2013-02-02
8952,26,859,96,2012-11-05
241,21,1574,57,2013-05-12
8975,18,69,47,2014-01-26
6119,10,17,52,2013-05-10
5236,26,2194,30,2012-08-25
5723,10,116,63,2014-01-11
1710,27,279,51,2013-03-07
1970,15,103,14,2012-09-10
5313,14,44,20,2014-04-18
10634,18,406,56,2014-04-19
7010,23,1363,41,2014-04-07
8562,13,236,72,2013-05-28
3158,13,39,1,2013-01-03
4436,15,137,27,2013-02-20
5287,17,79,77,2014-06-19
2445,14,63,87,2013-07-07
6059,32,1314,81,2013-03-04
4550,11,71,51,2014-06-24
4240,15,58,79,2012-11-03
8911,25,702,11,2013-04-08
3706,14,94,54,2013-08-21
3628,16,80,93,2013-01-29
10175,9,22,0,2013-08-01
8985,38,1211,54,2012-11-04
5204,25,1461,21,2013-06-29
9220,23,1968,58,2013-01-17
9888,18,1091,3,2014-06-25
5263,13,55,99,2013-01-22
1020,21,1366,70,2014-05-12
9503,21,313,65,2012-08-29
10613,15,62,44,2014-02-26
67,16,92,6,2013-09-18
6019,12,72,9,2014-03-30
5863,26,655,95,2013-05-29
3717,21,704,70,2014-04-23
6730,16,54,92,2012-11-03
10749,35,178,62,2012-09-18
4998,16,1033,85,2014-05-23
6287,11,36,2,2013-07-30
5985,17,122,0,2012-10-13
4754,11,122,91,2013-09-25
4002,30,1123,3,2013-10-13
8870,26,497,68,2012-11-13
966,30,691,98,2013-07-05
4767,23,1363,41,2014-04-07
9725,12,12,16,2014-06-05
4475,30,2440,82,2013-02-16
5740,13,56,1,2013-02-14
5731,12,37,64,2013-04-05
7290,23,968,68,2012-10-05
3846,23,270,98,2012-08-29
8104,19,278,32,2013-08-09
4507,25,1250,87,2012-11-27
11013,18,938,84,2013-03-31
4491,36,1178,3,2012-10-01
3759,31,1155,34,2013-07-25
1162,25,653,23,2013-01-10
2055,11,49,37,2014-05-19
10766,19,506,22,2014-04-11
4415,15,38,19,2012-09-12
3005,24,1650,7,2014-05-01
2223,39,1826,52,2012-08-03
4817,12,18,91,2012-08-04
2875,26,906,93,2014-03-04
10536,16,46,78,2014-05-25
11112,28,1477,23,2012-12-03
3807,29,766,83,2012-11-30
9197,12,47,92,2014-02-24
10832,20,467,4,2013-07-18
6421,22,2116,32,2013-07-03
4207,27,1298,27,2013-05-01
577,13,22,10,2013-08-20
10855,20,396,9,2014-01-22
3081,11,20,65,2013-04-22
3535,15,967,68,2014-03-17
247,28,357,16,2012-11-17
8707,19,1401,12,2012-08-22
9523,8,15,95,2013-08-17
6072,23,2087,16,2013-02-02
6295,34,981,46,2013-02-04
10914,10,17,3,2013-10-12
1509,27,523,80,2013-01-04
5577,10,23,77,2014-05-03
7348,19,1192,0,2014-03-17
1127,22,1958,62,2014-05-29
1833,14,133,91,2014-04-26
4944,19,777,24,2013-08-23
9080,17,73,2,2013-06-22
6466,13,121,22,2014-03-12
9964,19,424,56,2013-08-07
4790,14,868,54,2014-06-02
10245,16,756,71,2012-10-31
1109,11,12,38,2013-04-23
6001,30,937,62,2013-01-02
5538,18,1862,78,2013-10-08
10552,19,367,18,2013-05-20
1545,28,443,95,2013-08-02
7409,18,267,66,2013-10-26
4444,14,61,28,2014-03-24
146,23,1323,78,2013-11-15
6271,11,63,13,2014-06-19
10065,13,64,27,2013-08-03
4741,24,562,17,2014-01-30
246,23,312,71,2014-05-31
375,17,1156,79,2013-02-25
1524,21,1104,1,2013-03-01
10022,9,16,78,2014-02-09
7451,20,2008,23,2014-02-17
11010,17,44,75,2013-08-30
4356,20,1574,70,2013-08-28
3885,13,63,10,2013-10-16
1175,18,426,24,2013-09-20
880,14,96,47,2013-01-16
2320,32,635,98,2013-09-12
850,25,757,4,2013-10-06
4713,16,125,15,2012-11-22
675,23,332,67,2013-05-17
5025,11,135,32,2013-12-24
2308,21,330,40,2012-11-18
5995,28,384,54,2012-12-18
6749,26,1722,78,2012-08-08
1010,10,78,94,2014-04-24
8977,8,24,51,2013-01-12
4756,29,1168,42,2013-12-20
3412,24,957,67,2013-01-15
606,11,15,87,2013-10-10
5961,10,57,29,2014-06-07
2975,27,1956,89,2012-11-12
2894,25,2013,74,2013-10-29
7613,20,326,97,2014-05-24
10542,18,77,63,2012-08-05
8015,21,1313,88,2013-05-03
10617,13,30,34,2014-05-22
11166,21,315,81,2013-02-02
849,26,660,65,2013-06-20
523,12,74,51,2013-01-31
4066,13,46,76,2014-05-11
8414,15,86,76,2013-08-17
819,28,1103,84,2013-11-05
4961,15,61,56,2014-01-21
749,15,145,31,2013-11-19
5430,39,684,0,2012-09-14
7755,24,411,91,2013-11-12
10525,13,27,40,2012-10-13
1453,33,1060,59,2013-07-06
8310,30,1459,96,2012-08-29
10710,12,18,61,2012-08-29
5031,28,1833,14,2012-09-22
2613,13,237,16,2014-04-03
213,17,48,98,2014-05-28
967,33,515,11,2013-07-21
1077,19,1020,52,2012-12-05
7959,12,1370,19,2014-05-29
640,30,1026,61,2013-03-11
4252,17,301,73,2014-03-23
8432,39,684,0,2012-09-14
6218,24,499,74,2012-10-20
6905,23,1004,55,2012-08-22
5922,19,218,48,2013-10-13
3598,26,606,53,2013-05-23
6116,9,75,13,2013-07-05
6263,17,106,34,2012-08-22
10486,19,990,54,2013-05-29
2410,17,1097,69,2014-01-22
193,9,16,81,2014-02-17
3363,13,34,99,2014-03-17
8278,21,1711,3,2012-08-26
10660,24,438,61,2014-01-12
8686,15,75,65,2013-01-08
1604,18,225,93,2013-11-13
5907,12,18,24,2012-11-03
10669,20,470,8,2013-05-17
2918,14,91,72,2013-04-13
5735,19,2525,29,2014-02-13
359,26,504,33,2013-01-13
8387,17,235,68,2013-01-05
1829,28,1232,55,2013-01-19
3839,17,88,76,2013-05-03
9392,11,17,17,2014-05-08
2292,10,24,94,2013-08-02
10466,11,60,86,2013-08-22
9855,30,1020,25,2013-08-25
4088,18,155,22,2012-12-06
5231,10,51,15,2014-02-27
590,19,1812,35,2012-12-22
8732,29,1461,81,2012-11-17
2315,10,96,55,2014-04-20
3515,14,160,94,2014-02-17
2245,16,139,50,2013-04-22
6283,28,908,64,2013-04-21
2246,12,183,91,2013-09-01
6606,27,1161,11,2013-03-31
5545,15,988,72,2014-04-05
7342,32,1072,6,2012-09-09
837,16,174,0,2013-09-11
9500,29,758,66,2013-01-25
3602,15,195,42,2013-12-31
234,13,31,60,2012-10-10
2995,18,1084,64,2013-08-17
1118,30,685,87,2013-02-20
7789,28,1672,96,2013-11-22
3068,13,43,1,2013-10-29
8955,10,49,54,2014-02-16
945,16,133,53,2013-05-22
5644,22,363,96,2013-10-12
7192,19,545,58,2013-04-15
2324,35,1065,12,2013-10-27
697,24,2047,78,2013-03-12
3439,21,296,64,2012-10-31
1506,17,140,26,2013-06-28
232,20,530,8,2013-07-17
8876,22,152,49,2012-08-08
4500,26,1598,56,2013-10-06
9739,15,114,55,2013-01-19
10395,18,101,25,2012-08-22
1176,12,25,50,2013-09-22
1627,26,789,84,2013-01-26
938,15,87,30,2013-07-30
2740,16,90,81,2013-09-22
257,23,1215,74,2013-04-28
4058,28,811,76,2013-10-12
7736,12,61,36,2012-10-22
8210,22,405,64,2013-08-15
833,16,72,62,2014-03-30
6230,22,189,53,2013-02-15
7325,10,40,86,2013-06-29
1307,14,63,15,2014-02-09
1502,15,52,67,2013-03-21
6211,11,39,47,2014-05-02
843,31,805,47,2014-05-26
4174,11,130,81,2014-04-17
9757,26,1631,98,2013-10-04
6918,13,34,56,2013-07-04
286,18,152,48,2013-11-29
11086,12,21,18,2014-01-18
1921,11,71,74,2013-10-03
4138,24,899,68,2014-05-24
7718,11,711,36,2014-04-20
1291,24,351,90,2012-08-04
6862,35,8,65,2014-05-18
4136,20,119,63,2012-12-03
803,9,21,82,2013-04-05
4298,12,10,63,2014-03-24
10833,33,973,55,2014-05-24
9606,16,1536,64,2013-08-27
8534,32,992,51,2013-07-16
5153,40,1529,97,2013-02-22
961,21,860,92,2013-09-12
5011,29,928,51,2013-10-18
6653,25,418,72,2012-07-30
9094,22,587,39,2012-08-03
810,21,641,49,2014-05-12
5493,10,23,21,2014-03-19
2147,25,2279,91,2013-08-16
5107,11,49,37,2014-05-19
3979,19,1779,98,2013-05-22
6049,30,1804,85,2013-12-05
8147,16,48,40,2013-07-06
1857,14,83,2,2014-03-06
3910,18,1862,78,2013-10-08
5207,37,793,41,2012-09-24
11114,16,84,94,2013-02-08
5429,16,183,10,2013-08-20
9400,21,1383,73,2014-06-21
1740,20,999,22,2014-04-07
7488,27,825,30,2013-01-22
195,22,246,21,2012-08-26
635,33,610,51,2013-03-19
7527,17,76,97,2012-11-21
10319,30,1286,56,2013-02-26
2296,10,30,4,2013-12-16
10637,15,99,77,2013-01-01
2931,25,1192,95,2012-09-21
907,23,362,36,2013-11-29
3698,21,2130,13,2012-08-09
9516,35,1229,90,2012-08-18
679,15,38,49,2012-09-20
7384,25,485,18,2013-07-21
5043,20,434,89,2012-11-05
5267,12,44,43,2013-03-14
339,25,496,82,2012-11-23
2516,11,78,84,2013-06-08
9010,25,2346,80,2013-02-10
378,27,794,68,2012-12-30
4808,11,17,12,2013-09-05
5068,14,26,75,2013-07-31
7628,13,76,10,2014-03-18
7128,11,15,91,2013-12-07
2811,11,62,21,2014-04-12
3551,12,198,28,2014-03-29
1663,14,49,97,2013-10-25
5543,30,802,49,2013-06-24
1577,16,1736,14,2014-02-19
10641,16,57,5,2012-12-27
5336,3,59,37,2013-06-04
6024,20,2302,62,2013-03-04
1878,13,37,83,2014-02-18
3099,25,310,48,2013-02-25
6055,22,1305,94,2012-11-01
5841,33,832,61,2013-06-28
3972,27,401,70,2013-04-03
4394,25,1501,43,2014-05-23
5758,34,1189,23,2014-01-14
6658,38,1194,37,2013-07-22
4603,25,656,50,2014-01-31
8427,27,1540,78,2012-11-23
10260,22,311,74,2013-08-26
7143,28,820,14,2013-11-06
8789,18,274,77,2014-01-11
6197,18,57,39,2013-04-20
4554,21,448,89,2013-10-01
4937,12,44,62,2014-06-10
1920,15,102,59,2013-07-29
8749,9,61,68,2014-02-01
1650,30,1643,13,2013-04-22
10377,21,397,37,2013-06-06
9206,27,1121,36,2014-01-07
10971,25,473,28,2012-09-03
6398,16,50,2,2014-03-29
9212,35,1678,17,2013-02-14
7937,14,58,86,2014-04-18
839,14,170,54,2013-09-25
4246,19,373,2,2013-12-12
158,21,1196,3,2013-11-17
4832,15,101,84,2014-03-07
5621,26,316,8,2012-12-12
1945,25,1400,4,2013-09-18
5147,28,1424,57,2013-07-29
2535,29,844,24,2012-08-18
11039,18,311,51,2013-09-17
9495,18,1149,29,2013-05-08
9635,14,129,13,2014-04-20
2173,11,32,23,2013-10-16
942,23,299,36,2012-08-08
9386,19,320,88,2014-05-29
5510,21,441,2,2012-11-21
873,36,1178,3,2012-10-01
2253,12,85,15,2013-02-16
5181,13,24,58,2013-03-20
979,14,112,11,2013-02-20
10390,11,30,27,2013-02-10
4698,21,410,32,2013-06-20
7793,30,800,12,2013-08-31
1745,21,1313,88,2013-05-03
10590,25,1483,91,2013-03-30
5080,19,1258,12,2013-10-21
8369,12,28,21,2012-11-08
5232,15,227,23,2014-01-27
2407,24,1555,10,2012-11-09
3834,28,861,35,2013-03-17
7912,16,103,69,2013-04-22
7712,23,634,68,2014-04-28
1065,21,1918,85,2013-12-29
7275,16,131,34,2013-10-04
1343,29,586,55,2012-09-26
1384,15,62,10,2013-11-23
9967,30,447,30,2013-05-30
6181,33,939,36,2012-07-31
10507,23,797,14,2013-07-25
2674,19,1143,79,2012-09-04
2698,23,415,52,2013-11-07
3231,13,30,97,2013-11-25
4096,19,187,24,2013-12-26
10476,13,251,0,2014-05-13
5948,17,237,96,2014-04-29
9140,14,91,89,2013-12-25
10258,14,35,94,2013-05-06
5675,28,493,98,2012-10-04
4743,34,971,72,2013-03-03
8805,25,371,1,2012-12-02
1542,25,396,26,2013-12-30
6770,13,68,5,2013-08-20
8773,22,322,22,2013-06-25
10475,19,317,39,2013-04-01
10420,17,222,56,2014-05-05
7514,18,177,74,2013-07-03
2902,10,45,87,2012-09-03
4345,11,21,49,2014-01-12
793,15,45,24,2012-10-06
10909,21,1899,9,2014-01-15
3769,12,42,17,2014-03-02
8702,13,22,10,2013-08-20
4791,13,41,35,2012-12-16
2963,24,1440,56,2014-05-02
8216,22,325,7,2013-10-11
8140,14,95,51,2013-10-03
10146,12,42,17,2014-03-02
5289,10,72,30,2012-11-09
2587,12,20,21,2014-05-15
4405,28,789,2,2013-07-30
8663,10,15,85,2014-05-22
2589,14,59,65,2014-02-07
3421,28,908,64,2013-04-21
10490,21,417,11,2012-12-10
4094,21,289,92,2012-08-25
9958,26,769,54,2014-03-29
2534,17,188,4,2014-04-21
4188,22,354,53,2012-08-13
6613,34,727,39,2012-10-12
10827,20,146,49,2012-08-07
5491,23,319,70,2013-04-11
8402,26,794,40,2013-12-17
8783,21,454,40,2012-09-08
10010,20,152,43,2012-09-06
618,26,797,17,2012-09-28
9121,22,1690,40,2013-05-20
361,11,20,84,2014-02-18
4310,22,1428,25,2014-01-22
2678,20,209,62,2013-02-13
6376,23,545,83,2013-06-10
524,14,96,47,2013-01-16
10341,12,222,45,2014-02-23
5654,13,61,34,2014-03-16
4098,15,44,3,2014-01-28
5824,10,8,1,2014-04-11
7000,24,817,18,2013-10-13
2561,31,1371,45,2012-11-11
5229,12,42,81,2014-02-16
4086,13,60,77,2012-12-28
2428,16,78,23,2013-05-04
8254,12,23,48,2013-04-13
2836,12,19,61,2013-09-16
8418,14,61,60,2014-03-30
1362,21,449,75,2013-03-04
7152,12,37,64,2013-04-05
10033,11,38,54,2014-02-13
9349,25,1131,84,2013-12-19
274,13,34,75,2013-12-23
3388,24,294,16,2013-10-30
922,14,48,79,2013-05-04
8588,21,289,92,2012-08-25
2518,11,30,16,2013-01-25
574,9,125,96,2014-04-23
3220,17,156,30,2013-02-14
5967,17,70,60,2013-07-18
1183,10,22,11,2013-09-21
6856,18,65,75,2012-09-03
4530,26,1930,36,2012-10-24
1553,27,2283,71,2013-09-27
4682,14,310,88,2013-10-15
8204,20,1319,93,2012-12-16
5221,34,879,93,2012-12-01
1232,19,1244,54,2013-10-25
1927,19,690,41,2014-03-23
5788,17,209,46,2013-02-17
6652,18,1134,28,2014-06-09
6246,24,1507,40,2013-11-13
5975,13,57,82,2013-09-30
6875,25,529,38,2012-08-28
4399,18,1091,3,2014-06-25
4042,19,180,87,2012-10-13
2157,16,77,49,2013-01-12
10133,27,2349,16,2014-02-12
2525,24,534,65,2012-09-14
8233,26,556,9,2014-01-26
9483,28,637,24,2013-08-19
2945,12,46,25,2014-04-13
10403,16,44,43,2014-06-18
5074,12,47,10,2013-07-08
10524,24,795,29,2013-06-20
4690,29,586,45,2013-02-13
7521,21,1574,57,2013-05-12
7196,7,13,20,2014-02-08
4406,30,1471,29,2013-01-16
9672,14,65,82,2013-12-21
4864,20,175,68,2013-05-02
4706,10,40,65,2013-04-27
4070,25,1078,99,2012-09-01
25,25,1115,9,2012-11-16
3697,16,134,20,2013-02-12
217,27,1540,78,2012-11-23
4220,10,87,26,2013-11-02
5286,13,217,68,2013-10-28
9559,32,1034,79,2014-01-24
2849,38,1180,25,2013-04-01
7787,28,819,83,2012-08-31
3102,13,32,32,2013-10-16
5868,13,46,49,2013-08-22
8370,22,1159,50,2012-08-02
9988,29,860,84,2013-03-03
2939,17,1631,96,2014-06-22
5529,29,444,56,2014-06-10
9743,35,1910,85,2013-01-11
5763,24,380,63,2013-11-10
3478,35,736,17,2013-06-24
7494,23,269,11,2013-01-21
1763,33,2524,62,2013-07-27
7250,31,612,48,2013-10-01
2005,14,75,86,2013-12-11
10770,28,1045,73,2014-01-26
6885,13,55,36,2013-12-01
2072,30,1064,34,2012-08-16
9463,30,1443,16,2012-11-13
6318,34,1366,48,2013-01-13
4093,24,436,61,2013-02-11
5751,11,38,54,2014-02-13
3340,28,436,56,2012-08-17
3594,40,747,74,2012-11-05
3584,30,1396,35,2012-08-20
3643,16,928,65,2014-03-20
851,32,642,48,2013-07-09
7706,38,1048,88,2012-11-07
3967,25,943,19,2013-10-25
10128,32,907,21,2013-06-08
486,19,1198,27,2014-02-02
9,19,120,86,2012-08-18
9451,33,1658,92,2012-11-25
9264,24,1638,1,2014-04-27
3865,15,73,14,2013-04-30
2853,17,275,74,2014-03-11
1490,34,854,84,2012-11-28
6310,12,78,4,2013-09-09
10380,15,106,50,2013-09-20
3887,16,106,2,2012-11-11
4278,22,1923,73,2013-06-03
8643,25,1662,21,2013-05-26
1998,13,84,82,2014-02-07
10795,14,48,14,2014-05-06
11110,14,5,56,2013-04-13
2408,39,733,20,2012-11-20
202,18,1234,54,2014-04-05
7998,16,112,77,2012-12-11
830,18,1658,5,2014-02-24
3536,12,55,65,2013-03-24
6050,35,1513,33,2012-12-11
125,24,271,65,2013-05-15
3463,32,904,41,2014-06-14
2804,19,120,86,2012-08-18
3745,16,103,92,2012-09-04
9771,26,269,97,2012-10-05
451,13,22,91,2013-12-20
10530,17,1156,0,2013-12-07
1079,27,1086,59,2012-10-16
8920,35,1128,4,2013-01-12
6678,16,72,5,2014-03-28
3852,32,964,48,2013-03-08
528,23,1383,99,2012-11-29
73,9,18,81,2013-05-26
5589,31,793,95,2012-08-31
10212,15,100,43,2013-01-13
6365,12,80,5,2013-09-02
5636,16,167,50,2012-11-09
591,27,677,76,2013-01-20
2217,10,23,46,2013-03-29
2544,8,92,68,2013-10-12
7725,17,641,33,2014-03-08
8091,22,1106,50,2012-09-02
7321,16,1033,85,2014-05-23
5462,38,1174,63,2012-08-12
7791,13,25,89,2013-09-15
955,25,240,81,2012-10-28
4037,11,20,77,2013-06-14
6642,17,102,50,2013-01-23
2793,31,1034,10,2013-07-21
5424,17,156,30,2013-02-14
879,28,458,66,2013-11-04
9530,12,17,16,2012-11-01
4828,22,792,12,2014-06-18
10699,16,92,30,2014-06-16
1497,21,407,8,2013-01-19
7476,27,1269,93,2012-12-02
4390,25,841,14,2014-04-15
10478,32,633,53,2012-09-27
1081,29,1019,26,2013-03-27
4261,29,1315,23,2012-11-24
9916,16,54,92,2012-11-03
5350,19,2525,29,2014-02-13
8135,12,52,41,2013-10-28
8685,28,436,56,2012-08-17
4967,23,268,19,2013-03-29
2130,14,147,4,2014-03-23
9298,19,1798,89,2014-04-28
8175,15,137,71,2013-06-21
6257,24,507,81,2013-01-23
3790,10,15,31,2014-01-23
9952,18,1105,53,2013-12-11
3503,16,974,78,2013-12-02
5223,12,66,80,2014-04-23
4608,28,778,18,2014-02-25
1626,11,49,37,2014-05-19
4764,19,169,52,2012-08-19
2471,14,299,39,2014-06-27
5892,24,221,11,2013-04-10
2612,28,1682,33,2013-12-24
4971,18,155,22,2012-12-06
5185,15,892,83,2013-02-14
10069,14,58,43,2012-08-31
2262,22,311,74,2013-08-26
1131,10,95,54,2014-04-05
1041,27,424,3,2012-10-18
24,19,47,96,2014-02-15
3409,24,339,68,2013-10-15
7022,27,1410,2,2012-09-28
7943,8,35,40,2014-04-25
5272,27,562,64,2013-06-27
5453,26,2352,26,2012-09-26
2565,23,1334,69,2013-06-01
800,10,32,57,2013-08-30
11092,14,41,78,2014-03-02
5062,13,39,71,2013-07-27
8969,28,1141,59,2013-01-16
4656,33,710,28,2013-03-30
4480,25,401,61,2014-03-09
9971,19,506,22,2014-04-11
6729,24,1538,95,2012-08-10
1773,15,57,38,2012-12-04
9242,23,1722,19,2013-08-17
1764,23,270,92,2013-08-09
6215,14,31,24,2013-12-29
10099,28,882,21,2013-10-05
5423,11,16,35,2013-10-27
940,17,311,9,2014-05-18
3011,15,227,23,2014-01-27
3298,39,1152,92,2012-11-08
8286,15,122,55,2013-08-20
9668,17,77,14,2013-01-12
5120,22,1289,78,2012-09-25
6097,33,561,64,2013-01-16
7019,17,211,49,2013-01-23
7408,19,233,8,2014-03-03
8041,30,1092,35,2012-09-08
252,23,601,11,2013-03-17
9986,17,54,8,2014-02-22
3276,14,78,53,2013-10-25
3859,30,1095,36,2013-08-31
3570,18,244,64,2013-10-21
3783,14,116,43,2014-03-24
10207,12,15,40,2013-06-19
10906,21,425,52,2013-10-08
3427,34,734,11,2013-04-12
5209,26,638,21,2013-06-17
10711,23,894,23,2013-10-02
10785,12,41,17,2014-06-19
2814,12,31,6,2013-06-27
6866,10,34,56,2014-03-23
1665,23,1750,71,2013-09-23
6575,34,612,51,2012-10-27
3829,10,29,94,2013-12-10
3091,25,823,27,2014-05-02
10141,8,20,1,2013-05-10
5177,22,396,56,2013-12-12
7005,23,813,71,2014-06-16
6409,26,1179,18,2013-05-18
7485,14,138,48,2014-05-07
8079,12,55,86,2014-02-26
8395,28,1511,48,2012-08-20
10352,18,117,2,2012-09-07
4931,29,1730,13,2013-04-29
13,12,32,57,2013-07-22
1834,13,67,77,2014-03-08
2285,22,335,0,2013-05-28
2295,25,825,57,2014-02-02
1378,29,694,24,2013-07-24
2781,19,1792,55,2014-06-23
1165,30,496,62,2013-05-02
1404,22,231,89,2013-05-15
6457,28,902,77,2014-05-29
2639,15,68,45,2014-01-10
8299,10,71,46,2013-09-11
6437,13,76,80,2013-06-19
6912,26,772,60,2013-08-20
7327,11,47,71,2013-12-29
5299,33,1586,43,2013-11-19
4127,40,1529,97,2013-02-22
8143,20,265,49,2013-07-30
1964,20,1603,66,2013-09-05
3690,28,2091,20,2013-01-11
3433,24,981,54,2013-06-03
3389,39,1533,61,2012-11-22
4712,11,82,18,2012-11-28
1170,22,244,45,2013-03-25
6347,13,36,26,2013-06-27
4065,23,404,0,2013-02-12
8230,13,71,28,2014-01-23
1215,26,1572,49,2013-10-08
5939,16,122,84,2014-01-17
2156,15,41,38,2012-11-03
7788,7,10,53,2014-06-04
10323,18,304,88,2013-10-25
7947,10,37,99,2014-03-25
1891,18,1754,12,2012-08-08
2570,33,815,35,2013-07-23
9256,33,1001,5,2013-01-04
295,23,1157,77,2013-07-19
7397,28,688,45,2013-07-19
6349,24,1319,71,2013-07-06
10790,12,21,40,2013-02-19
10398,11,31,82,2012-08-27
2431,14,67,70,2012-12-31
550,23,708,87,2013-05-23
1890,11,25,95,2012-09-19
10742,12,746,72,2013-02-27
10356,12,32,5,2012-09-22
4676,30,1695,86,2014-03-05
8852,34,1080,80,2012-08-31
3565,16,72,62,2014-03-30
5294,17,57,49,2013-11-20
1958,30,660,85,2014-03-21
7349,19,103,7,2012-10-02
8799,18,153,6,2013-09-23
1351,38,1220,25,2012-09-20
1045,20,279,55,2012-08-16
7732,25,745,81,2014-01-02
8070,15,264,98,2014-03-01
477,23,2157,31,2014-06-17
7832,27,1526,30,2013-08-28
2202,11,69,98,2013-04-09
7396,29,1597,92,2012-11-10
4055,14,64,41,2014-05-29
10340,26,497,68,2012-11-13
10091,22,1067,78,2013-05-20
7629,14,31,46,2014-05-08
10640,21,211,71,2013-09-05
3498,31,877,6,2012-11-25
6742,12,11,82,2013-01-13
1172,28,2034,71,2013-05-01
569,21,1991,32,2013-12-14
4686,26,1686,28,2014-04-02
1381,25,324,20,2014-01-28
2634,15,69,10,2014-04-18
10905,24,252,7,2012-10-29
1744,11,54,67,2013-01-07
1000,32,964,48,2013-03-08
3828,32,1327,61,2013-02-17
8605,13,68,36,2014-03-23
10304,13,60,77,2012-12-28
4351,12,55,90,2013-04-27
10129,22,1456,35,2014-03-12
2499,22,563,38,2013-05-06
10092,31,1504,46,2013-02-18
7500,25,564,33,2014-04-24
5796,24,1125,70,2013-11-26
10556,24,358,51,2014-05-24
1064,13,42,18,2013-12-11
48,16,184,97,2014-04-24
7610,27,460,32,2013-04-18
263,16,145,9,2014-05-28
10814,29,1376,6,2013-01-16
9710,31,792,80,2013-01-20
9292,25,1382,74,2012-10-26
10250,11,28,49,2012-11-20
7881,26,1033,21,2013-09-28
5847,28,882,95,2013-05-29
737,17,2231,56,2013-03-03
3571,25,1101,48,2012-10-16
7807,22,369,26,2012-09-12
3878,12,48,3,2014-02-27
5092,27,467,39,2013-02-12
2154,15,44,33,2012-12-25
5394,13,38,42,2013-03-17
3798,15,81,80,2013-11-06
3524,19,167,9,2013-08-04
5247,11,45,52,2014-05-10
5883,26,664,78,2013-05-26
2118,24,622,68,2013-09-10
8812,14,48,45,2013-03-10
6616,18,461,47,2013-10-23
2797,31,1073,34,2013-08-20
4328,14,55,81,2013-09-07
9167,32,976,72,2013-03-26
10560,10,20,23,2014-06-16
2631,18,1149,29,2013-05-08
8312,12,43,80,2014-06-15
5534,17,224,30,2013-10-20
5093,18,101,15,2012-09-18
7592,16,209,86,2013-04-18
8895,23,968,68,2012-10-05
8584,17,1165,54,2013-06-08
2694,11,24,44,2014-03-18
8910,24,252,7,2012-10-29
7433,20,165,87,2012-08-29
164,21,269,59,2012-10-13
10477,14,102,16,2013-08-06
2681,20,461,1,2013-08-01
5150,13,47,64,2012-12-17
5283,15,144,72,2014-02-17
9645,30,1338,98,2012-10-14
10678,32,917,91,2013-11-28
7261,25,318,8,2013-01-01
9648,22,253,20,2012-11-03
2870,26,502,6,2012-09-21
8008,13,119,54,2013-12-09
1513,37,1250,72,2012-08-28
6173,27,969,46,2013-11-02
1419,14,76,11,2013-08-05
9150,11,62,21,2014-04-12
7960,27,1382,89,2013-08-15
1250,13,84,82,2014-02-07
9905,20,255,69,2013-07-13
10691,11,43,55,2013-06-14
7002,17,398,13,2013-10-03
2952,14,76,80,2014-04-16
8439,19,902,97,2014-06-06
762,25,823,27,2014-05-02
2831,29,1179,99,2014-06-27
6977,35,1921,87,2012-10-14
6289,15,185,85,2013-04-28
4168,30,433,30,2013-03-20
8397,13,34,82,2014-01-10
9284,32,907,21,2013-06-08
6237,25,416,92,2013-12-07
3130,15,44,95,2013-06-04
1619,18,1588,2,2014-04-28
1990,20,1797,74,2012-11-05
5513,14,40,49,2012-10-04
269,30,1143,71,2012-11-16
8093,15,914,72,2014-06-28
10513,19,1502,68,2013-01-20
10177,22,1338,4,2013-02-14
2549,14,27,80,2013-07-21
5782,27,763,15,2013-09-28
10057,29,1331,70,2013-07-19
10307,24,525,91,2013-08-31
8566,11,9,10,2014-06-15
2415,20,953,99,2014-04-07
5684,14,68,25,2013-10-11
8334,16,131,34,2013-10-04
9166,25,882,57,2013-08-09
1440,32,1149,84,2012-09-04
78,13,37,51,2013-09-15
5441,20,388,97,2013-08-25
5302,18,1428,13,2013-02-15
4687,25,1633,92,2013-05-23
1087,19,173,30,2013-05-22
6859,18,99,30,2013-10-08
9860,19,215,11,2013-03-15
7129,37,929,72,2013-02-17
5866,19,219,39,2014-03-20
10521,16,174,0,2013-09-11
7393,14,92,15,2012-12-10
7849,26,1052,12,2013-09-09
332,20,275,56,2013-03-22
9847,22,587,39,2012-08-03
531,39,1662,55,2012-09-22
9576,20,159,60,2013-02-11
6906,20,1024,73,2013-06-03
7419,13,35,90,2014-04-23
3170,17,1042,86,2013-08-31
8527,26,395,37,2013-12-07
7872,28,557,7,2012-09-12
9931,34,9,29,2014-06-23
10595,13,69,19,2013-07-08
4609,24,486,14,2014-01-11
5010,14,34,72,2014-02-02
4427,34,1365,56,2012-09-18
11148,12,13,85,2013-05-19
1168,23,1401,62,2012-10-29
9595,17,1574,1,2013-01-11
10163,24,1323,28,2013-09-10
2886,38,1217,70,2013-08-12
6710,13,103,84,2012-11-17
5316,14,84,89,2013-07-04
9029,24,1536,73,2013-01-26
521,25,581,42,2012-09-18
1459,17,928,16,2012-11-07
10241,10,14,16,2013-12-15
1630,19,424,56,2013-08-07
3254,16,960,65,2013-10-14
9064,24,1555,10,2012-11-09
3678,36,656,13,2012-10-07
4227,14,55,78,2013-09-06
9467,11,20,51,2014-05-11
8486,27,367,27,2012-10-01
2186,24,2257,30,2014-03-10
3286,13,42,71,2014-03-01
8602,30,1049,97,2013-06-12
3722,13,48,83,2014-04-16
6715,31,685,3,2013-01-02
4796,7,39,71,2014-04-19
9612,12,43,3,2014-02-07
3766,30,835,15,2012-08-16
1399,21,1515,52,2014-01-21
1570,30,1039,8,2013-02-19
3426,34,1596,89,2013-07-15
3074,24,1828,66,2012-10-15
8341,13,34,22,2014-04-30
5180,17,149,56,2014-04-18
6461,25,946,74,2013-05-19
7679,9,28,48,2014-05-19
10702,24,450,67,2012-11-03
7505,9,46,24,2014-01-19
5113,18,1702,67,2013-11-07
10858,30,820,38,2013-09-09
2961,21,382,86,2013-02-26
2747,23,2126,90,2012-08-31
3010,21,2069,87,2014-05-02
5790,15,72,62,2013-01-27
6892,36,732,23,2014-06-03
1743,12,801,99,2014-05-26
3578,18,236,29,2013-10-20
8462,11,80,52,2012-09-09
5558,16,1685,90,2014-03-31
4619,28,277,9,2014-05-28
8780,21,507,71,2013-06-13
10789,14,68,13,2013-02-23
10779,12,49,16,2014-04-13
5896,17,397,94,2014-03-18
2337,15,39,77,2013-10-24
10951,18,306,20,2014-01-25
544,15,976,51,2013-05-11
17,33,1028,81,2013-09-06
10680,14,70,71,2014-02-05
3265,11,46,36,2013-03-19
5623,12,51,95,2013-09-26
5832,21,1263,32,2014-04-20
5544,27,1490,32,2012-11-10
6417,26,1564,85,2012-10-14
5831,26,1815,93,2012-08-22
7101,39,1198,24,2013-01-25
10176,31,416,44,2012-08-24
2326,12,85,15,2013-02-16
4385,14,47,82,2013-05-31
2929,15,137,27,2013-02-20
10686,11,21,72,2012-12-26
2546,9,70,7,2014-06-22
3283,25,909,57,2014-01-19
3138,26,1676,84,2012-10-20
4994,29,1735,53,2013-10-01
7966,35,1191,48,2013-01-08
3112,10,24,2,2013-09-05
10872,28,1182,65,2012-11-23
2181,16,1280,45,2013-06-23
1867,24,1336,42,2012-11-13
1518,31,749,29,2013-06-17
5734,12,91,83,2013-11-20
2878,18,414,93,2013-09-28
1458,15,44,40,2014-01-07
7007,15,63,47,2014-04-01
6200,26,901,50,2013-04-08
1403,13,38,40,2012-09-06
4827,24,455,3,2013-03-10
6250,32,775,62,2012-11-19
9291,9,15,25,2014-03-23
2478,10,38,48,2013-08-31
1139,24,1512,56,2014-02-06
5138,13,43,68,2013-01-14
5393,12,42,64,2012-08-07
10413,24,1089,67,2014-04-25
5015,16,162,94,2012-09-14
10868,22,1272,82,2013-02-06
10676,22,1173,3,2012-11-02
2495,23,816,24,2014-06-20
7842,17,74,54,2013-03-31
9955,16,134,20,2013-02-12
6663,14,157,96,2013-07-08
2162,21,561,19,2013-09-18
3434,20,1336,60,2014-05-12
7919,31,2092,2,2012-08-13
5626,20,463,13,2013-11-23
6428,17,1130,37,2014-05-03
8514,11,20,59,2014-01-17
10448,25,377,55,2012-10-22
2109,30,1544,60,2013-04-23
7530,14,138,48,2014-05-07
8925,31,1012,38,2013-07-03
3009,21,1766,8,2013-07-09
6355,12,45,19,2014-06-17
3517,19,161,32,2013-05-06
1158,15,144,27,2014-01-05
6203,29,1734,58,2013-08-24
7165,27,823,59,2013-10-22
3595,31,1138,29,2014-02-28
8537,23,1429,60,2013-02-27
4331,22,1371,41,2014-01-23
6281,20,982,27,2013-02-14
4338,9,44,28,2014-03-25
2452,25,318,8,2013-01-01
9507,23,434,18,2013-04-07
8360,15,198,76,2013-11-07
10311,26,359,0,2013-10-05
5117,23,576,32,2012-08-02
4867,18,88,2,2013-09-20
9289,14,63,16,2014-04-10
10913,12,27,56,2012-12-05
3032,20,193,97,2013-02-27
8524,18,101,15,2012-09-18
3334,22,2211,35,2014-02-12
4470,12,140,3,2013-06-10
1406,29,415,49,2013-02-12
8619,9,22,4,2012-12-24
10821,23,263,45,2013-02-06
4552,16,393,37,2013-06-22
898,18,147,39,2013-10-21
9797,18,443,38,2014-04-13
10949,22,1958,8,2013-12-16
8212,17,174,89,2013-03-28
6248,30,2217,47,2013-10-17
10164,21,1691,75,2014-04-03
4547,14,25,86,2013-04-17
6815,23,809,4,2014-05-23
4122,20,895,73,2012-08-29
10841,22,484,46,2012-12-25
5370,26,413,38,2013-01-16
176,15,331,73,2014-01-02
4860,11,25,66,2013-03-08
10757,10,13,36,2013-12-24
4023,18,115,29,2012-09-06
6679,7,16,29,2014-06-12
9923,16,92,6,2013-09-18
7181,15,52,97,2013-11-07
3599,28,1464,61,2012-11-26
405,25,441,68,2013-02-13
6870,14,283,73,2013-09-17
832,28,747,90,2014-03-02
2002,20,1870,81,2013-05-20
3657,19,165,1,2013-02-14
500,26,1941,79,2013-08-06
1951,36,839,92,2013-01-27
3262,30,1655,31,2012-08-07
4102,10,23,46,2013-03-29
7042,15,66,14,2013-03-01
10598,16,37,89,2013-04-15
255,12,21,31,2014-03-30
2375,12,22,75,2012-09-25
9829,15,78,42,2014-02-12
6214,12,79,53,2013-04-05
4954,23,265,53,2014-01-21
7861,23,1175,23,2014-02-05
4837,32,1305,57,2013-02-16
9423,13,46,49,2014-02-23
4198,10,25,6,2013-03-12
153,9,46,29,2013-10-17
9323,34,874,5,2012-09-07
10001,19,100,98,2012-08-01
3945,31,930,80,2013-03-10
3799,28,868,4,2013-11-26
8625,17,45,70,2013-11-12
3491,36,1260,32,2013-04-29
983,20,414,82,2013-09-28
9119,17,392,27,2013-12-05
4786,35,1109,94,2012-10-04
5872,25,639,23,2013-06-01
6568,13,79,97,2013-03-28
5628,30,1665,25,2013-02-08
5631,22,692,92,2013-05-02
4974,36,1392,98,2012-09-25
8416,13,44,19,2013-11-29
5454,11,50,80,2013-12-01
4095,28,467,80,2012-09-11
5474,18,223,79,2013-11-30
4268,13,158,50,2014-06-09
10701,32,1211,60,2013-09-11
3507,20,1575,44,2012-08-17
2079,23,1208,0,2013-12-27
626,9,43,28,2013-03-09
4426,28,527,35,2013-09-22
2591,17,932,49,2014-06-22
10509,16,71,46,2014-06-02
6382,9,54,97,2014-06-26
6673,15,129,51,2013-03-19
7441,34,1615,80,2012-10-06
1071,31,1034,10,2013-07-21
10061,32,1088,29,2013-01-05
7187,28,721,52,2013-05-18
8775,17,137,74,2013-12-27
1612,14,47,82,2013-05-31
2345,19,1244,54,2013-10-25
322,11,41,93,2013-01-12
10897,38,1174,63,2012-08-12
123,17,993,92,2013-01-06
6103,11,100,40,2013-09-06
7899,24,1680,70,2012-10-29
10500,14,98,96,2014-04-05
1655,12,48,81,2013-10-19
2406,24,519,63,2013-08-05
2712,23,715,85,2013-12-25
5517,13,37,51,2013-09-15
10643,25,653,23,2013-01-10
2254,26,1455,95,2013-07-07
10281,23,602,11,2014-02-07
6958,11,26,42,2013-07-05
954,12,102,77,2014-03-27
5079,18,97,82,2013-03-03
10339,17,207,83,2013-06-23
4643,17,176,40,2012-08-26
3117,22,450,95,2013-10-18
6497,25,433,32,2012-11-07
5396,34,1366,48,2013-01-13
5250,23,1564,75,2013-10-30
1052,34,1001,24,2013-02-16
2802,20,961,61,2012-12-15
6343,25,1518,6,2014-03-31
6507,11,56,16,2013-10-04
7901,8,22,39,2013-11-06
4865,28,400,2,2013-08-31
2686,11,26,49,2013-10-21
3107,15,350,31,2014-05-02
7734,23,1216,58,2012-12-19
1146,34,874,5,2012-09-07
11031,10,40,90,2013-05-21
7428,20,1367,47,2013-09-30
975,21,264,25,2013-05-28
1103,26,2053,60,2012-09-29
3422,16,1376,67,2012-11-29
1055,9,45,40,2014-03-20
6544,30,976,63,2014-05-22
1241,15,51,1,2012-09-17
2909,23,1264,89,2014-02-19
5802,13,75,40,2013-02-28
1407,14,57,5,2012-10-29
6183,12,140,3,2013-06-10
340,24,497,1,2012-12-15
5991,20,266,24,2013-06-08
3104,23,2006,89,2012-09-17
9729,30,615,48,2013-06-02
1008,30,1021,31,2012-12-21
11091,10,22,68,2014-05-16
3969,12,133,46,2013-11-01
1916,26,437,92,2013-07-24
9907,30,1013,80,2013-12-04
87,14,57,16,2013-08-26
8659,29,1038,50,2014-01-21
6262,24,1573,93,2013-04-10
6147,11,28,51,2012-10-18
8832,16,123,24,2012-09-12
10067,11,13,79,2013-08-10
7532,18,132,26,2012-08-30
4915,28,732,86,2012-08-03
2115,12,66,68,2014-06-20
2088,26,1631,98,2013-10-04
2493,23,608,34,2013-08-02
6292,20,1822,60,2013-03-30
1631,29,1282,3,2012-09-03
10104,11,8,65,2013-11-03
3006,12,43,83,2013-04-22
3919,23,1931,64,2013-03-11
11181,0,8,85,2013-08-29
642,16,103,69,2012-08-14
4369,19,1169,48,2014-01-10
10127,22,395,21,2014-04-06
271,21,258,30,2013-10-02
4973,12,25,39,2014-05-11
2948,12,185,76,2014-03-01
2715,20,180,11,2012-08-06
10432,13,22,26,2014-01-30
9216,13,44,34,2014-01-23
7124,17,94,72,2013-02-01
9727,13,81,13,2014-02-28
5136,34,798,58,2014-01-17
9790,23,1334,12,2013-11-23
1818,14,38,23,2014-03-25
1100,16,61,33,2014-03-24
7873,21,300,30,2013-07-06
10609,12,88,15,2013-10-12
6950,14,54,25,2013-12-15
7233,20,1782,4,2012-09-17
9481,19,68,80,2014-01-28
7699,21,258,30,2013-10-02
2711,12,31,6,2013-06-27
8933,14,66,16,2014-05-12
8726,19,174,57,2014-04-29
1515,8,28,9,2014-01-22
5186,28,731,59,2014-03-12
10157,16,274,78,2014-01-25
5667,32,1701,90,2012-10-11
902,19,312,74,2014-03-04
977,26,414,10,2013-08-01
7313,26,1565,63,2013-06-03
7600,13,29,13,2013-10-28
9706,16,94,98,2013-06-24
2429,22,1338,4,2013-02-14
3520,17,1092,94,2013-03-27
10394,19,1479,91,2013-12-23
4548,9,54,66,2013-11-23
9362,24,568,14,2014-03-05
3968,34,1199,77,2013-06-28
4084,27,873,41,2014-01-17
6721,20,1213,21,2013-07-29
2829,28,731,25,2014-03-10
1772,21,2043,2,2013-01-11
1544,19,1893,51,2012-12-22
492,27,424,3,2012-10-18
4377,22,575,32,2013-01-07
4541,17,257,84,2013-10-24
1321,17,56,49,2013-11-04
8858,29,542,69,2013-03-07
3266,9,125,96,2014-04-23
11187,14,69,23,2013-05-20
8207,9,40,18,2014-03-18
9723,33,1016,8,2013-01-10
2666,26,907,21,2014-02-06
5721,26,1566,60,2014-05-11
10652,19,1169,48,2014-01-10
1646,10,46,36,2014-03-16
4418,27,1644,36,2013-02-25
2656,12,59,63,2013-02-21
7990,10,17,2,2012-08-02
8722,28,1853,38,2012-11-06
7118,28,1528,61,2012-08-01
2980,18,35,52,2013-03-22
1839,15,141,25,2014-04-21
10722,23,546,63,2013-08-21
2632,26,500,10,2013-06-18
9014,18,61,65,2014-06-26
7620,16,106,71,2013-08-05
10968,32,704,0,2012-11-23
11133,27,424,3,2012-10-18
2736,25,849,88,2013-01-02
1876,12,85,15,2013-02-16
5959,23,199,80,2012-10-15
1092,27,1147,17,2012-08-11
4333,17,54,76,2014-03-23
3850,11,43,52,2012-12-07
6168,10,53,28,2013-07-15
607,30,521,31,2013-02-13
10469,20,1623,42,2014-02-05
6983,14,45,24,2014-05-01
3661,21,1435,42,2012-10-12
9303,14,32,12,2013-07-30
692,10,16,88,2012-12-20
736,15,52,67,2013-03-21
9589,18,1234,54,2014-04-05
4838,12,15,40,2013-06-19
9246,24,415,73,2012-10-14
6261,22,470,81,2013-11-26
7366,22,1438,12,2013-07-04
10659,18,53,7,2013-05-07
1448,13,51,33,2014-06-25
4286,26,679,24,2014-01-09
4749,29,586,55,2012-09-26
4478,34,653,87,2013-03-24
4201,24,468,39,2013-03-03
8720,1,1679,53,2012-08-12
10084,14,50,9,2014-05-18
7004,18,84,82,2013-03-16
9817,35,1049,71,2012-08-21
8080,8,22,50,2012-08-17
9432,17,62,23,2013-06-02
8372,11,30,81,2013-07-01
10870,23,1341,46,2013-06-13
4001,29,444,56,2014-06-10
7270,25,1241,91,2014-01-25
8235,26,843,8,2014-01-24
9405,18,172,40,2012-10-15
